SFA-1,8th,1
SFA-4,,2
SFA-6,15th,3
SFA-7,1st & 2nd,4
SFA-8,13th,5
SFA-15,16th,6
SFA-17,5th,7
SFA-18,1st /6th,8
SFA-407,5th,9
SFA-447,1st,10
SFA 582,11-01-1900,11
SFA 583,11-01-1900,11
SFA 584,25-01-1900,12
SFA 585,25-01-1900,12
SFA 586,25-01-1900,12
SFA 587,25-01-1900,12
SFA 588,25-01-1900,12
SFA 589,03-01-1900,13
SFA 590,-,14
SFA 591,-,14
SFA 592,-,14
SFA 593,06-01-1900,15
SFA 594,06-01-1900,15
SFA 595,06-01-1900,16
SFA 596,06-01-1900,16
SFA-659,,17
SFA-660,,17
SFA-661,,18
SFA-662,,18
SFA-663,,18
SFA-667,,19
SFA-668,,19
SFA-669,,19
SFA-670,Vol. 1,20
SFA-671,Vol. 1,20
SFA-672,Vol. 1,20
SFA - 673,4th Edition,21
SFA - 674,4th Edition,21
SFA - 675,4th Edition,21
SFA - 676,4th Edition,21
SFA -677,,22
SFA -678,,22
SFA -679,,22
SFA -680,,23
SFA - 681,,23
SFA - 682,Vol. 2,24
SFA-683,,25
SFA-684,,25
SFA-685,,26
SFA- 690,6th Edition,27
SFA - 691,6th Edition,27
SFA- 692,6th Edition,27
SFA-693,Vol. 2,28
SFA-694,Vol. 2,28
SFA- 695,Vol. 2,28
SFA-698,5th,29
SFA-699,6th,30
