Banking and Financal Service (ICFAI),Senthil Genesen,ICFAI Press,2002,164,300
B Santhanam,Banking Theory Law and Practice,Margham Publcation,2017,Q7,160
M Rajasekar,Banking - in the New Millenium,ICFAI Press,2001,200,300
Change,Principles and Practices of Banking,Macmillian education,2015,674,660
Change,Principles and Practices of Banking,Macmillian education,2015,86,660
Change,Principles and Practices of Banking,Macmillian education,2015,86,660
Change,Principles and Practices of Banking,Macmillian education,2015,86,660
"E. Gordon, K Natarajan","Banking Theory, Law and Practice",Himalaya Publishing House,2019,-,360
B. Santhanam,"Banking Theory, Law and Practice",Margham Publication,2017,-,170
"Dr Sunnykutty Thomas, Bobby Simon, Bijumon Abraham",Modern Banking,Prathiba Publications,2011,248,90
"Dr Sunnykutty Thomas, Bobby Simon, Bijumon Abraham",Modern Banking,Prathiba Publications,2015,255,110
Ajimon George,Modern Banking,Prakash Publications,2013,175,120
