SFA-2,2nd,31
SFA-3,13th ,32
SFA-5,3rd,33
SFA-9,8th ,34
SFA-10,8th ,34
SFA-11,3rd,35
SFA-12,3rd,35
SFA-13,3rd,35
SFA-14,3rd,35
SFA-16,3rd,36
SFA-416,,37
SFA-417,,38
SFA-418,,38
SFA-429,,39
SFA-479,25,40
SFA-480,25,40
SFA -481,25,40
SFA- 482,25,40
SFA- 483,25,40
SFA-488,19th,41
SFA-489,19th,41
SFA-490,19th,41
SFA-491,19th,41
SFA-492,11th,42
SFA-493,11th,42
SFA-494,11th,42
SFA-495,11th,42
SFA-496,11th,42
SFA-504,,43
SFA -505,,43
SFA -506,,43
SFA -507,,43
SFA -508,,43
SFA- 525,12th,44
SFA- 526,12th,44
SFA- 527,12th,44
SFA- 528,12th,44
SFA -529,10th ,45
SFA -530,10th ,45
SFA -531,10th ,45
SFA- 532,10th ,45
SFA - 533,,46
SFA - 534,,46
SFA-535,6th,47
SFA-536,6th,47
SFA-537,6th,47
SFA-538,6th,47
SFA-539,6th,47
SFA 597,5,48
SFA 598,5,48
SFA 599,5,48
SFA 600,5,48
SFA 601,4,49
SFA 602,4,49
SFA 603,4,49
SFA 604,4,49
SFA -636,46th E,50
SFA-710,1st E,51
SFA-711 ,6th E,52