SFA-58,3RD,126
SFA-59,9TH,127
SFA-60,7TH,128
SFA-61,7TH,129
SFA-62,6TH,130
SFA-63,,131
SFA-64,1ST,132
SFA-65,2ND,133
SFA-66,2ND,134
SFA-67,2ND,135
SFA-68,4TH,136
SFA-69,2ND,137
SFA-70,6TH,138
SFA-71,1ST,139
SFA-72,10TH,140
SFA-73,1ST,141
SFA-74,,142
SFA-75,,142
SFA-399,7TH,143
SFA-84,16TH,144
SFA-87,2ND,145
SFA-88,,146
SFA-89,1ST,147
SFA-90,7TH,148
SFA-91,3RD,149
SFA-105,1ST,150
SFA-106,1ST,151
SFA-107,3RD,152
SFA 448,1st,153
SFA 449,,154
SFA 477,,155
SFA 478,,155
SFA 509,1st,156
SFA 510,1st,156
SFA 511,1st,156
SFA 512,3rd,157
SFA 513,3rd,157
SFA 514,3rd,157
SFA 578,,158
SFA 579,,158
SFA 580,,159
SFA 581,,159
SFA-110,-,160
SFA-111,1,161
SFA-421,-,162
SFA- 664 A,,163
SFA- 664 B,,164
SFA- 664 C,,165
SFA- 664 D,,166
SFA- 665 A,,163
SFA- 665 B,,164
SFA- 665 C,,165
SFA- 665 D,,166
SFA- 666 A,,163
SFA- 666 B,,164
SFA- 666 C,,165
SFA- 666 D,,166
SFA - 686,,167
SFA- 687,,167