SFA 191,,506
SFA 192,3rd,507
SFA 193,2nd,508
SFA 194,2nd,508
SFA 195,2nd,509
SFA 196,2nd,509
SFA 197,2nd,509
SFA 198,2nd,510
SFA 199,2nd,509
SFA 200,,511
SFA 201,6th,512
SFA 202,1st,513
SFA 203,,514
SFA 204,,514
SFA 205,,514
SFA 637,5th Edition,515
SFA 638,5th Edition,515
SFA-639,2nd Edition,516
SFA-640,2nd Edition,516
SFA-641,2nd Edition,517
SFA- 642,2nd Edition,517
SFA-643,2nd Edition,517
SFA-644,7th Edition,518
SFA-645,7th Edition,518
SFA-646,7th Edition,518
SFA-647,4th  edition,519
SFA-648,4th  edition,519
SFA-649,3rd Edition,520
SFA-650,3rd Edition,520
SFA-651,2nd Edition,521
SFA- 652,2nd Edition,521
SFA-653,9th Edition,522
SFA-654,9th Edition,522
SFA-655,19th Edition,523
SFA-656,19th Edition,523
SFA-657,2nd Edition,524